Flour,Sugar,Butter,Egg,Milk,Baking_Powder,Vanilla,Type
267,100,76,1,206,3.9,0.3,muffin
127,121,99,2,54,2.4,2.1,cupcake
155,137,130,1,100,2.5,3.2,cupcake
278,59,89,1,236,5.5,2.0,muffin
260,40,45,2,211,3.3,1.7,muffin
150,146,119,1,95,2.7,2.7,cupcake
137,124,115,2,86,3.4,3.3,cupcake
241,90,59,2,155,4.1,1.4,muffin
248,91,62,2,171,5.6,0.6,muffin
206,76,81,1,163,3.3,1.8,muffin
217,47,40,1,196,5.5,1.9,muffin
126,145,123,1,71,1.8,4.1,cupcake
252,57,50,2,136,2.8,0.7,muffin
149,158,120,2,87,1.8,3.7,cupcake
251,78,68,1,182,5.4,1.3,muffin
127,124,91,2,94,2.8,4.2,cupcake
244,100,76,2,198,4.5,0.8,muffin
234,70,44,1,156,4.9,1.5,muffin
113,154,116,2,60,1.8,4.7,cupcake
279,47,64,1,200,4.2,0.8,muffin
158,141,90,1,100,2.6,3.1,cupcake
117,136,91,2,51,2.3,4.3,cupcake
219,87,49,2,204,4.9,1.9,muffin
241,63,52,2,185,2.6,1.0,muffin
149,131,91,2,80,1.7,2.5,cupcake
241,80,59,2,123,4.1,0.7,muffin
209,43,78,2,223,3.2,2.8,muffin
210,73,51,1,231,5.3,1.4,muffin
230,84,55,2,177,3.0,2.8,muffin
120,130,127,1,86,1.5,3.1,cupcake
146,152,106,1,51,1.9,5.0,cupcake
115,157,127,1,88,2.3,3.5,cupcake
160,145,117,2,70,2.7,2.4,cupcake
157,135,120,1,85,2.6,4.5,cupcake
140,130,112,2,97,2.8,3.3,cupcake
111,147,102,1,50,2.7,3.6,cupcake
200,77,54,1,180,4.3,2.6,muffin
219,52,72,1,121,4.3,2.7,muffin
158,137,105,2,92,2.3,3.4,cupcake
250,92,49,1,155,5.9,1.0,muffin
116,140,107,1,50,3.0,3.7,cupcake
233,96,70,1,230,2.5,0.6,muffin
203,55,67,1,235,2.9,2.8,muffin
118,143,118,1,70,2.7,3.2,cupcake
129,121,97,1,88,2.4,2.9,cupcake
146,148,98,2,83,2.7,3.3,cupcake
208,46,48,1,151,5.4,1.2,muffin
267,55,85,2,202,3.8,1.2,muffin
228,91,82,1,131,5.4,0.7,muffin
239,79,65,1,203,2.7,2.9,muffin
275,59,66,1,196,2.9,2.5,muffin
112,123,110,2,88,2.2,3.4,cupcake
227,88,49,1,200,4.5,1.7,muffin
132,139,117,2,52,1.6,2.8,cupcake
130,148,96,1,79,3.3,3.1,cupcake
150,120,101,2,72,2.1,4.4,cupcake
218,44,44,1,136,4.0,0.5,muffin
111,149,97,1,74,2.9,3.4,cupcake
140,121,98,2,82,2.5,2.3,cupcake
244,91,44,1,191,4.6,2.3,muffin
125,151,98,1,91,3.0,3.7,cupcake
257,57,76,2,174,3.4,0.9,muffin
254,67,73,1,165,6.0,1.2,muffin
276,56,90,2,120,3.0,2.4,muffin
264,73,64,1,235,3.6,0.3,muffin
246,53,48,2,194,6.0,0.8,muffin
268,48,41,2,237,2.8,0.8,muffin
126,152,94,2,59,3.4,2.3,cupcake
160,131,97,1,85,2.5,3.5,cupcake
147,132,95,1,90,2.8,3.9,cupcake
230,69,65,2,189,4.7,2.3,muffin
270,82,60,1,127,5.7,1.5,muffin
152,122,108,2,76,1.6,4.8,cupcake
129,134,109,1,79,1.5,2.7,cupcake
273,64,85,2,145,5.1,1.4,muffin
251,95,41,2,235,4.9,0.3,muffin
245,54,45,1,188,3.1,1.2,muffin
134,127,125,2,93,3.4,3.3,cupcake
117,133,124,1,64,1.8,2.1,cupcake
145,147,125,1,54,2.5,2.0,cupcake
267,83,52,1,185,3.5,2.9,muffin
148,129,101,2,61,2.7,2.9,cupcake
146,128,92,2,82,1.7,3.6,cupcake
262,63,66,1,160,5.4,2.1,muffin
121,159,100,1,57,2.2,4.1,cupcake
237,49,56,1,233,2.8,1.8,muffin
146,154,126,2,66,3.2,2.8,cupcake
253,53,85,1,144,3.8,0.5,muffin
150,153,110,2,87,3.1,4.2,cupcake
137,150,105,1,95,3.3,2.6,cupcake
157,123,97,2,60,2.5,4.3,cupcake
160,134,91,1,73,2.6,4.3,cupcake
137,146,106,2,87,3.2,2.4,cupcake
227,56,45,2,221,4.2,1.2,muffin
204,50,44,2,194,4.8,1.5,muffin
158,149,96,2,69,3.4,2.9,cupcake
154,125,97,1,71,1.7,2.6,cupcake
209,96,75,1,121,4.4,1.8,muffin
150,149,102,2,72,1.7,3.1,cupcake
223,45,77,1,196,3.5,0.9,muffin
