transaction_id,transaction_time,amount,is_fraud
TXN00001,2023-10-31 15:44:00,60.12,0
TXN00002,2023-10-01 19:40:00,57.64,0
TXN00003,2023-10-23 15:39:00,47.47,0
TXN00004,2023-10-04 14:15:00,35.85,0
TXN00005,2023-10-19 20:27:00,62.98,0
TXN00006,2023-10-20 12:29:00,15.76,0
TXN00007,2023-10-27 16:55:00,24.53,0
TXN00008,2023-10-16 08:00:00,65.23,0
TXN00009,2023-10-11 22:36:00,410.67,0
TXN00010,2023-10-20 08:18:00,49.46,0
TXN00011,2023-10-21 17:17:00,44.05,0
TXN00012,2023-10-02 17:42:00,58.13,0
TXN00013,2023-10-30 14:29:00,38.02,0
TXN00014,2023-10-03 17:13:00,58.3,0
TXN00015,2023-10-27 13:34:00,41.86,0
TXN00016,2023-10-22 17:15:00,42.79,0
TXN00017,2023-10-16 17:23:00,28.83,0
TXN00018,2023-10-31 14:41:00,36.03,0
TXN00019,2023-10-16 08:20:00,178.94,0
TXN00020,2023-10-24 20:15:00,15.94,0
TXN00021,2023-10-26 18:13:00,39.61,0
TXN00022,2023-10-24 16:04:00,22.06,0
TXN00023,2023-10-30 20:36:00,110.14,0
TXN00024,2023-10-02 14:11:00,262.28,0
TXN00025,2023-10-10 18:58:00,340.57,0
TXN00026,2023-10-19 11:37:00,24.99,0
TXN00027,2023-10-18 20:43:00,35.76,0
TXN00028,2023-10-31 06:42:00,43.45,0
TXN00029,2023-10-18 23:27:00,18.93,0
TXN00030,2023-10-26 18:06:00,72.35,0
TXN00031,2023-10-04 14:15:00,121.21,0
TXN00032,2023-10-04 11:13:00,161.96,0
TXN00033,2023-10-04 19:54:00,82.2,0
TXN00034,2023-10-27 23:06:00,69.94,0
TXN00035,2023-10-07 13:45:00,56.8,0
TXN00036,2023-10-15 18:04:00,177.95,0
TXN00037,2023-10-24 14:26:00,13.55,0
TXN00038,2023-10-22 15:01:00,302.04,0
TXN00039,2023-10-14 16:41:00,101.94,0
TXN00040,2023-10-24 16:55:00,110.66,0
TXN00041,2023-10-10 15:23:00,27.33,0
TXN00042,2023-10-27 18:08:00,212.16,0
TXN00043,2023-10-15 15:18:00,384.69,0
TXN00044,2023-10-03 13:19:00,6.13,0
TXN00045,2023-10-23 16:59:00,28.05,0
TXN00046,2023-10-21 16:13:00,96.87,0
TXN00047,2023-10-31 15:24:00,20.09,0
TXN00048,2023-10-28 13:16:00,18.67,0
TXN00049,2023-10-03 10:06:00,65.04,0
TXN00050,2023-10-26 07:07:00,5,0
TXN00051,2023-10-15 14:48:00,105.04,0
TXN00052,2023-10-11 16:05:00,58.69,0
TXN00053,2023-10-02 14:42:00,94.0,0
TXN00054,2023-10-31 01:11:00,51.44,0
TXN00055,2023-10-04 13:48:00,115.34,0
TXN00056,2023-10-11 16:59:00,26.77,0
TXN00057,2023-10-05 10:36:00,44.61,0
TXN00058,2023-10-30 08:46:00,202.64,0
TXN00059,2023-10-16 10:25:00,9.71,0
TXN00060,2023-10-08 14:12:00,246.63,0
TXN00061,2023-10-20 10:34:00,70.6,0
TXN00062,2023-10-07 16:55:00,17.94,0
TXN00063,2023-10-08 07:47:00,49.6,0
TXN00064,2023-10-03 13:13:00,80.42,0
TXN00065,2023-10-30 16:07:00,49.31,0
TXN00066,2023-10-21 15:05:00,30.18,0
TXN00067,2023-10-16 18:58:00,132.12,0
TXN00068,2023-10-25 05:21:00,87.45,0
TXN00069,2023-10-12 12:04:00,73.96,0
TXN00070,2023-10-05 06:15:00,24.22,0
TXN00071,2023-10-03 07:45:00,10.14,0
TXN00072,2023-10-18 06:35:00,61.57,0
TXN00073,2023-10-10 18:31:00,215.1,0
TXN00074,2023-10-31 16:46:00,109.17,0
TXN00075,2023-10-05 10:42:00,35.14,0
TXN00076,2023-10-03 08:29:00,41.11,0
TXN00077,2023-10-13 13:45:00,31.13,0
TXN00078,2023-10-02 14:35:00,56.93,0
TXN00079,2023-10-12 13:51:00,34.55,0
TXN00080,2023-10-19 12:11:00,146.19,0
TXN00081,2023-10-09 11:03:00,58.1,0
TXN00082,2023-10-07 22:02:00,253.06,0
TXN00083,2023-10-07 21:53:00,61.88,0
TXN00084,2023-10-17 23:49:00,10.45,0
TXN00085,2023-10-20 22:26:00,269.91,0
TXN00086,2023-10-20 13:05:00,18.66,0
TXN00087,2023-10-07 19:58:00,79.84,0
TXN00088,2023-10-21 15:30:00,23.88,0
TXN00089,2023-10-29 20:26:00,51.59,0
TXN00090,2023-10-19 09:24:00,15.3,0
TXN00091,2023-10-06 13:24:00,17.2,0
TXN00092,2023-10-11 13:59:00,83.16,0
TXN00093,2023-10-25 12:16:00,54.06,0
TXN00094,2023-10-09 18:24:00,117.81,0
TXN00095,2023-10-01 19:22:00,113.9,0
TXN00096,2023-10-22 10:31:00,55.62,0
TXN00097,2023-10-03 15:37:00,29.31,0
TXN00098,2023-10-19 11:46:00,9.99,0
TXN00099,2023-10-03 06:18:00,100.65,0
TXN00100,2023-10-26 19:14:00,23.86,0
TXN00101,2023-10-10 13:46:00,49.68,0
TXN00102,2023-10-18 16:24:00,53.57,0
TXN00103,2023-10-25 13:55:00,11.06,0
TXN00104,2023-10-29 09:36:00,40.57,0
TXN00105,2023-10-21 14:38:00,53.14,0
TXN00106,2023-10-15 17:09:00,31.68,0
TXN00107,2023-10-24 13:37:00,81.73,0
TXN00108,2023-10-03 19:23:00,54.84,0
TXN00109,2023-10-03 16:17:00,93.35,0
TXN00110,2023-10-16 14:12:00,68.13,0
TXN00111,2023-10-16 05:28:00,96.46,0
TXN00112,2023-10-28 00:56:00,880.13,1
TXN00113,2023-10-29 14:25:00,71.95,0
TXN00114,2023-10-23 09:53:00,38.96,0
TXN00115,2023-10-05 10:59:00,35.75,0
TXN00116,2023-10-27 15:50:00,78.8,0
TXN00117,2023-10-28 18:29:00,32.89,0
TXN00118,2023-10-31 16:01:00,58.43,0
TXN00119,2023-10-12 12:49:00,49.15,0
TXN00120,2023-10-02 18:55:00,55.59,0
TXN00121,2023-10-27 19:23:00,37.48,0
TXN00122,2023-10-13 12:52:00,34.52,0
TXN00123,2023-10-18 19:44:00,118.14,0
TXN00124,2023-10-31 11:47:00,30.86,0
TXN00125,2023-10-13 11:09:00,27.9,0
TXN00126,2023-10-20 13:01:00,129.64,0
TXN00127,2023-10-17 17:24:00,9.27,0
TXN00128,2023-10-26 13:36:00,56.61,0
TXN00129,2023-10-14 20:06:00,26.8,0
TXN00130,2023-10-29 08:28:00,79.85,0
TXN00131,2023-10-11 08:50:00,88.32,0
TXN00132,2023-10-25 11:10:00,93.85,0
TXN00133,2023-10-02 17:53:00,10.37,0
TXN00134,2023-10-26 16:06:00,32.77,0
TXN00135,2023-10-15 13:23:00,25.37,0
TXN00136,2023-10-13 13:09:00,293.97,0
TXN00137,2023-10-06 18:11:00,9.55,0
TXN00138,2023-10-12 12:10:00,49.54,0
TXN00139,2023-10-04 05:56:00,151.79,0
TXN00140,2023-10-02 17:14:00,100.77,0
TXN00141,2023-10-30 17:26:00,54.25,0
TXN00142,2023-10-30 19:18:00,73.42,0
TXN00143,2023-10-24 17:28:00,491.93,0
TXN00144,2023-10-20 14:38:00,205.94,0
TXN00145,2023-10-24 13:34:00,95.07,0
TXN00146,2023-10-27 16:00:00,11.03,0
TXN00147,2023-10-08 10:51:00,10.32,0
TXN00148,2023-10-27 13:32:00,32.49,0
TXN00149,2023-10-21 12:55:00,39.81,0
TXN00150,2023-10-29 15:51:00,36.68,0
TXN00151,2023-10-03 16:38:00,15.52,0
TXN00152,2023-10-19 08:47:00,113.64,0
TXN00153,2023-10-18 12:48:00,60.4,0
TXN00154,2023-10-30 08:48:00,14.69,0
TXN00155,2023-10-26 16:15:00,174.14,0
TXN00156,2023-10-29 15:22:00,91.65,0
TXN00157,2023-10-21 11:26:00,336.41,0
TXN00158,2023-10-13 21:24:00,89.23,0
TXN00159,2023-10-02 15:25:00,41.88,0
TXN00160,2023-10-22 12:26:00,219.73,0
TXN00161,2023-10-27 15:04:00,155.87,0
TXN00162,2023-10-12 20:55:00,93.28,0
TXN00163,2023-10-07 14:29:00,20.61,0
TXN00164,2023-10-24 14:47:00,265.55,0
TXN00165,2023-10-06 15:23:00,35.08,0
TXN00166,2023-10-04 17:48:00,30.59,0
TXN00167,2023-10-16 21:06:00,20.64,0
TXN00168,2023-10-07 17:09:00,80.02,0
TXN00169,2023-10-26 12:50:00,24.59,0
TXN00170,2023-10-28 16:28:00,39.63,0
TXN00171,2023-10-20 13:18:00,103.64,0
TXN00172,2023-10-16 18:46:00,16.82,0
TXN00173,2023-10-15 15:03:00,40.37,0
TXN00174,2023-10-01 14:35:00,20.58,0
TXN00175,2023-10-22 14:03:00,52.8,0
TXN00176,2023-10-04 19:35:00,27.35,0
TXN00177,2023-10-11 09:53:00,82.57,0
TXN00178,2023-10-30 14:18:00,41.81,0
TXN00179,2023-10-18 20:53:00,72.49,0
TXN00180,2023-10-15 18:15:00,82.85,0
TXN00181,2023-10-20 20:32:00,122.91,0
TXN00182,2023-10-06 14:07:00,145.28,0
TXN00183,2023-10-08 17:55:00,32.57,0
TXN00184,2023-10-16 16:49:00,27.14,0
TXN00185,2023-10-13 20:42:00,353.14,0
TXN00186,2023-10-05 11:19:00,32.05,0
TXN00187,2023-10-27 18:19:00,65.85,0
TXN00188,2023-10-16 11:29:00,23.58,0
TXN00189,2023-10-04 20:22:00,28.14,0
TXN00190,2023-10-06 15:29:00,37.04,0
TXN00191,2023-10-14 10:27:00,2006.38,0
TXN00192,2023-10-02 14:03:00,82.15,0
TXN00193,2023-10-07 11:14:00,17.1,0
TXN00194,2023-10-18 15:58:00,74.48,0
TXN00195,2023-10-02 18:19:00,9.98,0
TXN00196,2023-10-01 12:23:00,98.98,0
TXN00197,2023-10-11 15:05:00,40.5,0
TXN00198,2023-10-21 19:51:00,14.52,0
TXN00199,2023-10-13 13:25:00,56.06,0
TXN00200,2023-10-25 07:46:00,66.8,0
TXN00201,2023-10-24 21:02:00,47.02,0
TXN00202,2023-10-28 13:00:00,307.03,0
TXN00203,2023-10-22 14:40:00,20.54,0
TXN00204,2023-10-07 13:52:00,96.91,0
TXN00205,2023-10-02 14:32:00,6.15,0
TXN00206,2023-10-22 19:30:00,58.22,0
TXN00207,2023-10-23 13:57:00,225.7,0
TXN00208,2023-10-03 09:39:00,99.94,0
TXN00209,2023-10-09 12:35:00,484.66,0
TXN00210,2023-10-20 09:18:00,73.81,0
TXN00211,2023-10-10 10:05:00,19.9,0
TXN00212,2023-10-19 16:35:00,70.97,0
TXN00213,2023-10-23 08:56:00,66.4,0
TXN00214,2023-10-26 14:17:00,47.25,0
TXN00215,2023-10-21 16:19:00,39.99,0
TXN00216,2023-10-02 12:53:00,7.17,0
TXN00217,2023-10-20 14:24:00,62.29,0
TXN00218,2023-10-08 11:07:00,48.69,0
TXN00219,2023-10-22 16:24:00,30.1,0
TXN00220,2023-10-03 15:28:00,314.38,0
TXN00221,2023-10-26 20:22:00,100.93,0
TXN00222,2023-10-16 19:45:00,31.89,0
TXN00223,2023-10-14 16:47:00,49.51,0
TXN00224,2023-10-02 11:35:00,13.64,0
TXN00225,2023-10-31 10:41:00,52.95,0
TXN00226,2023-10-08 12:44:00,234.26,0
TXN00227,2023-10-13 14:26:00,12.28,0
TXN00228,2023-10-09 07:12:00,28.15,0
TXN00229,2023-10-15 12:07:00,24.61,0
TXN00230,2023-10-06 17:59:00,119.85,0
TXN00231,2023-10-12 09:01:00,74.01,0
TXN00232,2023-10-15 09:22:00,31.32,0
TXN00233,2023-10-29 09:36:00,22.25,0
TXN00234,2023-10-17 14:35:00,23.43,0
TXN00235,2023-10-08 23:53:00,44.25,0
TXN00236,2023-10-09 20:46:00,7.21,0
TXN00237,2023-10-24 15:46:00,76.73,0
TXN00238,2023-10-22 17:37:00,127.69,0
TXN00239,2023-10-09 17:24:00,87.88,0
TXN00240,2023-10-12 17:32:00,7.31,0
TXN00241,2023-10-15 13:08:00,59.92,0
TXN00242,2023-10-13 17:04:00,56.17,0
TXN00243,2023-10-08 16:03:00,133.98,0
TXN00244,2023-10-18 17:50:00,116.12,0
TXN00245,2023-10-12 10:34:00,229.09,0
TXN00246,2023-10-27 16:27:00,111.35,0
TXN00247,2023-10-03 12:23:00,16.16,0
TXN00248,2023-10-20 19:42:00,30.91,0
TXN00249,2023-10-18 05:50:00,43.78,0
TXN00250,2023-10-03 20:41:00,9.21,0
TXN00251,2023-10-04 15:48:00,121.76,0
TXN00252,2023-10-29 15:34:00,77.42,0
TXN00253,2023-10-07 16:34:00,14.04,0
TXN00254,2023-10-17 08:06:00,21.68,0
TXN00255,2023-10-13 17:27:00,40.91,0
TXN00256,2023-10-31 18:09:00,35.46,0
TXN00257,2023-10-22 09:25:00,47.0,0
TXN00258,2023-10-23 09:22:00,8.19,0
TXN00259,2023-10-23 17:04:00,237.03,0
TXN00260,2023-10-27 03:26:00,116.71,0
TXN00261,2023-10-16 19:55:00,55.59,0
TXN00262,2023-10-28 15:04:00,24.94,0
TXN00263,2023-10-30 22:26:00,100.25,0
TXN00264,2023-10-27 17:36:00,188.61,0
TXN00265,2023-10-22 12:24:00,61.28,0
TXN00266,2023-10-24 11:39:00,10.39,0
TXN00267,2023-10-27 12:35:00,72.6,0
TXN00268,2023-10-25 14:08:00,14.03,0
TXN00269,2023-10-14 15:21:00,79.71,0
TXN00270,2023-10-09 14:49:00,35.08,0
TXN00271,2023-10-28 14:10:00,13.03,0
TXN00272,2023-10-03 15:35:00,107.85,0
TXN00273,2023-10-08 15:08:00,253.88,0
TXN00274,2023-10-15 18:40:00,9.31,0
TXN00275,2023-10-16 10:13:00,7.08,0
TXN00276,2023-10-04 12:10:00,100.13,0
TXN00277,2023-10-28 15:51:00,89.7,0
TXN00278,2023-10-31 10:33:00,72.54,0
TXN00279,2023-10-13 11:29:00,20.41,0
TXN00280,2023-10-04 20:47:00,5337.44,0
TXN00281,2023-10-27 15:03:00,33.5,0
TXN00282,2023-10-17 14:23:00,84.29,0
TXN00283,2023-10-05 17:00:00,47.06,0
TXN00284,2023-10-02 12:24:00,28.36,0
TXN00285,2023-10-29 11:03:00,73.45,0
TXN00286,2023-10-13 10:20:00,71.49,0
TXN00287,2023-10-18 16:38:00,55.9,0
TXN00288,2023-10-24 08:49:00,67.89,0
TXN00289,2023-10-09 12:30:00,48.96,0
TXN00290,2023-10-10 13:30:00,66.05,0
TXN00291,2023-10-03 19:14:00,36.36,0
TXN00292,2023-10-07 22:12:00,157.44,0
TXN00293,2023-10-16 13:04:00,411.74,0
TXN00294,2023-10-23 14:28:00,70.87,0
TXN00295,2023-10-14 07:06:00,124.97,0
TXN00296,2023-10-04 14:17:00,60.11,0
TXN00297,2023-10-10 09:14:00,12.91,0
TXN00298,2023-10-07 11:37:00,72.27,0
TXN00299,2023-10-22 01:22:00,877.16,1
TXN00300,2023-10-12 16:16:00,16.35,0
TXN00301,2023-10-12 13:58:00,73.72,0
TXN00302,2023-10-30 19:45:00,73.66,0
TXN00303,2023-10-14 15:08:00,213.72,0
TXN00304,2023-10-09 19:55:00,46.47,0
TXN00305,2023-10-30 14:13:00,39.39,0
TXN00306,2023-10-07 20:57:00,13.63,0
TXN00307,2023-10-21 18:04:00,25.62,0
TXN00308,2023-10-06 12:04:00,183.84,0
TXN00309,2023-10-14 12:44:00,45.88,0
TXN00310,2023-10-14 17:31:00,52.1,0
TXN00311,2023-10-22 19:47:00,33.91,0
TXN00312,2023-10-14 14:04:00,90.6,0
TXN00313,2023-10-24 14:06:00,33.22,0
TXN00314,2023-10-15 10:00:00,180.44,0
TXN00315,2023-10-04 21:38:00,160.82,0
TXN00316,2023-10-22 12:44:00,35.3,0
TXN00317,2023-10-18 08:00:00,22.76,0
TXN00318,2023-10-20 17:41:00,225.02,0
TXN00319,2023-10-21 13:40:00,760.87,0
TXN00320,2023-10-31 23:06:00,18.45,0
TXN00321,2023-10-26 07:34:00,522.15,0
TXN00322,2023-10-27 14:55:00,209.89,0
TXN00323,2023-10-08 19:02:00,29.21,0
TXN00324,2023-10-08 20:24:00,44.93,0
TXN00325,2023-10-26 23:30:00,68.79,0
TXN00326,2023-10-30 23:50:00,50.46,0
TXN00327,2023-10-11 11:53:00,164.5,0
TXN00328,2023-10-22 15:33:00,37.48,0
TXN00329,2023-10-08 13:53:00,29.05,0
TXN00330,2023-10-11 09:46:00,87.54,0
TXN00331,2023-10-11 22:43:00,133.29,0
TXN00332,2023-10-09 11:39:00,264.86,0
TXN00333,2023-10-01 12:00:00,45.68,0
TXN00334,2023-10-16 16:57:00,31.64,0
TXN00335,2023-10-05 18:12:00,68.93,0
TXN00336,2023-10-22 18:56:00,36.13,0
TXN00337,2023-10-06 11:00:00,49.66,0
TXN00338,2023-10-31 05:24:00,53.25,0
TXN00339,2023-10-19 11:23:00,22.58,0
TXN00340,2023-10-17 06:04:00,33.25,0
TXN00341,2023-10-20 09:59:00,2593.72,0
TXN00342,2023-10-15 16:20:00,26.91,0
TXN00343,2023-10-16 16:55:00,377.11,0
TXN00344,2023-10-02 17:15:00,96.1,0
TXN00345,2023-10-11 13:27:00,65.17,0
TXN00346,2023-10-18 15:46:00,478.33,0
TXN00347,2023-10-02 18:42:00,128.78,0
TXN00348,2023-10-27 17:05:00,208.13,0
TXN00349,2023-10-06 13:31:00,347.96,0
TXN00350,2023-10-02 14:27:00,86.31,0
TXN00351,2023-10-10 17:01:00,124.09,0
TXN00352,2023-10-25 18:19:00,4449.34,0
TXN00353,2023-10-08 20:13:00,33.59,0
TXN00354,2023-10-02 15:12:00,37.6,0
TXN00355,2023-10-11 19:10:00,85.84,0
TXN00356,2023-10-28 07:28:00,140.34,0
TXN00357,2023-10-11 16:17:00,5,0
TXN00358,2023-10-02 20:20:00,40.85,0
TXN00359,2023-10-12 16:27:00,39.28,0
TXN00360,2023-10-21 13:22:00,109.87,0
TXN00361,2023-10-10 09:41:00,101.08,0
TXN00362,2023-10-31 09:50:00,27.21,0
TXN00363,2023-10-11 11:20:00,18.63,0
TXN00364,2023-10-08 08:22:00,396.92,0
TXN00365,2023-10-11 13:26:00,80.97,0
TXN00366,2023-10-23 05:59:00,137.17,0
TXN00367,2023-10-08 22:32:00,140.88,0
TXN00368,2023-10-06 08:06:00,7.57,0
TXN00369,2023-10-31 16:28:00,145.49,0
TXN00370,2023-10-15 07:07:00,97.88,0
TXN00371,2023-10-01 19:30:00,46.38,0
TXN00372,2023-10-21 08:20:00,48.98,0
TXN00373,2023-10-26 11:44:00,112.97,0
TXN00374,2023-10-26 18:04:00,17.58,0
TXN00375,2023-10-17 16:04:00,150.34,0
TXN00376,2023-10-29 09:01:00,39.82,0
TXN00377,2023-10-19 17:42:00,7.89,0
TXN00378,2023-10-12 11:55:00,34.66,0
TXN00379,2023-10-10 18:23:00,32.65,0
TXN00380,2023-10-13 15:01:00,76.58,0
TXN00381,2023-10-10 18:50:00,33.41,0
TXN00382,2023-10-05 13:11:00,18.84,0
TXN00383,2023-10-16 17:33:00,81.27,0
TXN00384,2023-10-03 14:52:00,55.05,0
TXN00385,2023-10-24 16:44:00,29.72,0
TXN00386,2023-10-17 16:32:00,7.53,0
TXN00387,2023-10-15 16:02:00,4304.32,0
TXN00388,2023-10-29 10:34:00,6.24,0
TXN00389,2023-10-11 11:15:00,5.42,0
TXN00390,2023-10-11 17:15:00,32.9,0
TXN00391,2023-10-30 22:58:00,51.44,0
TXN00392,2023-10-08 15:57:00,19.87,0
TXN00393,2023-10-27 18:40:00,80.93,0
TXN00394,2023-10-28 13:43:00,45.59,0
TXN00395,2023-10-12 21:51:00,74.76,0
TXN00396,2023-10-20 11:52:00,5944.43,0
TXN00397,2023-10-09 17:02:00,34.29,0
TXN00398,2023-10-24 11:24:00,27.0,0
TXN00399,2023-10-13 13:06:00,93.95,0
TXN00400,2023-10-04 11:00:00,103.31,0
TXN00401,2023-10-08 15:34:00,108.89,0
TXN00402,2023-10-12 22:22:00,86.69,0
TXN00403,2023-10-17 19:13:00,205.59,0
TXN00404,2023-10-31 15:33:00,94.55,0
TXN00405,2023-10-11 15:35:00,22.48,0
TXN00406,2023-10-20 18:48:00,11.15,0
TXN00407,2023-10-05 11:36:00,39.96,0
TXN00408,2023-10-17 12:20:00,39.14,0
TXN00409,2023-10-06 20:02:00,36.13,0
TXN00410,2023-10-08 17:14:00,181.73,0
TXN00411,2023-10-20 16:04:00,22.54,0
TXN00412,2023-10-28 13:11:00,11.6,0
TXN00413,2023-10-21 22:32:00,54.56,0
TXN00414,2023-10-27 08:31:00,8.99,0
TXN00415,2023-10-07 12:13:00,4830.06,0
TXN00416,2023-10-06 14:39:00,88.15,0
TXN00417,2023-10-05 13:38:00,55.31,0
TXN00418,2023-10-18 12:50:00,23.65,0
TXN00419,2023-10-31 12:07:00,19.31,0
TXN00420,2023-10-30 20:55:00,38.67,0
TXN00421,2023-10-21 02:16:00,4209.95,1
TXN00422,2023-10-18 09:22:00,47.08,0
TXN00423,2023-10-09 18:27:00,207.17,0
TXN00424,2023-10-26 10:15:00,376.39,0
TXN00425,2023-10-22 11:43:00,115.65,0
TXN00426,2023-10-15 18:41:00,2720.77,0
TXN00427,2023-10-16 20:56:00,78.51,0
TXN00428,2023-10-30 05:27:00,30.16,0
TXN00429,2023-10-28 18:06:00,17.39,0
TXN00430,2023-10-02 14:10:00,101.51,0
TXN00431,2023-10-11 15:59:00,79.54,0
TXN00432,2023-10-20 17:45:00,52.05,0
TXN00433,2023-10-10 11:44:00,112.21,0
TXN00434,2023-10-06 18:31:00,164.64,0
TXN00435,2023-10-14 18:40:00,94.75,0
TXN00436,2023-10-18 10:34:00,97.92,0
TXN00437,2023-10-17 22:27:00,108.68,0
TXN00438,2023-10-04 12:08:00,145.98,0
TXN00439,2023-10-20 14:33:00,61.74,0
TXN00440,2023-10-13 18:35:00,52.84,0
TXN00441,2023-10-24 23:31:00,61.89,0
TXN00442,2023-10-04 13:29:00,42.7,0
TXN00443,2023-10-31 13:56:00,19.64,0
TXN00444,2023-10-26 13:21:00,54.57,0
TXN00445,2023-10-16 15:38:00,41.85,0
TXN00446,2023-10-05 14:24:00,54.17,0
TXN00447,2023-10-30 15:36:00,45.53,0
TXN00448,2023-10-13 03:47:00,98.49,0
TXN00449,2023-10-21 18:19:00,71.48,0
TXN00450,2023-10-01 21:00:00,57.15,0
TXN00451,2023-10-09 11:30:00,26.36,0
TXN00452,2023-10-13 09:41:00,18.73,0
TXN00453,2023-10-04 19:01:00,76.86,0
TXN00454,2023-10-18 17:27:00,28.08,0
TXN00455,2023-10-10 16:31:00,71.6,0
TXN00456,2023-10-17 21:42:00,40.72,0
TXN00457,2023-10-26 15:01:00,89.26,0
TXN00458,2023-10-31 15:33:00,58.15,0
TXN00459,2023-10-12 16:32:00,54.71,0
TXN00460,2023-10-29 13:56:00,30.2,0
TXN00461,2023-10-07 16:01:00,82.74,0
TXN00462,2023-10-17 09:07:00,24.25,0
TXN00463,2023-10-29 19:12:00,9.0,0
TXN00464,2023-10-31 13:55:00,52.73,0
TXN00465,2023-10-29 17:53:00,62.97,0
TXN00466,2023-10-07 17:15:00,222.22,0
TXN00467,2023-10-19 13:28:00,10.68,0
TXN00468,2023-10-11 17:48:00,31.72,0
TXN00469,2023-10-12 13:13:00,224.49,0
TXN00470,2023-10-22 14:38:00,23.19,0
TXN00471,2023-10-13 03:32:00,1770.91,1
TXN00472,2023-10-27 18:49:00,126.76,0
TXN00473,2023-10-18 10:18:00,201.55,0
TXN00474,2023-10-09 18:10:00,196.7,0
TXN00475,2023-10-04 15:28:00,5,0
TXN00476,2023-10-21 18:20:00,41.0,0
TXN00477,2023-10-04 23:46:00,102.27,0
TXN00478,2023-10-17 13:03:00,27.93,0
TXN00479,2023-10-19 16:35:00,87.61,0
TXN00480,2023-10-30 12:29:00,123.61,0
TXN00481,2023-10-22 10:07:00,326.09,0
TXN00482,2023-10-22 17:52:00,49.0,0
TXN00483,2023-10-10 16:44:00,616.71,0
TXN00484,2023-10-29 08:49:00,62.47,0
TXN00485,2023-10-05 10:16:00,15.95,0
TXN00486,2023-10-05 20:15:00,133.72,0
TXN00487,2023-10-28 07:56:00,87.68,0
TXN00488,2023-10-24 11:10:00,229.34,0
TXN00489,2023-10-07 10:58:00,50.07,0
TXN00490,2023-10-02 12:22:00,44.57,0
TXN00491,2023-10-30 13:40:00,17.3,0
TXN00492,2023-10-30 21:55:00,223.58,0
TXN00493,2023-10-03 14:36:00,524.86,0
TXN00494,2023-10-07 13:29:00,166.48,0
TXN00495,2023-10-23 18:21:00,38.97,0
TXN00496,2023-10-21 14:31:00,110.81,0
TXN00497,2023-10-22 17:45:00,50.48,0
TXN00498,2023-10-28 14:59:00,6.4,0
TXN00499,2023-10-17 21:56:00,25.66,0
TXN00500,2023-10-04 06:40:00,90.63,0
TXN00501,2023-10-22 20:25:00,21.19,0
TXN00502,2023-10-15 11:31:00,18.4,0
TXN00503,2023-10-04 08:55:00,136.02,0
TXN00504,2023-10-11 12:38:00,27.97,0
TXN00505,2023-10-19 12:31:00,6.86,0
TXN00506,2023-10-19 12:41:00,38.84,0
TXN00507,2023-10-07 22:17:00,8.63,0
TXN00508,2023-10-28 15:41:00,305.96,0
TXN00509,2023-10-03 13:46:00,109.46,0
TXN00510,2023-10-21 13:43:00,171.09,0
TXN00511,2023-10-17 11:02:00,19.07,0
TXN00512,2023-10-11 11:03:00,83.99,0
TXN00513,2023-10-03 11:35:00,33.98,0
TXN00514,2023-10-11 15:17:00,310.45,0
TXN00515,2023-10-14 14:52:00,61.98,0
TXN00516,2023-10-11 17:59:00,12.62,0
TXN00517,2023-10-11 12:27:00,118.87,0
TXN00518,2023-10-06 09:58:00,51.04,0
TXN00519,2023-10-05 15:34:00,112.04,0
TXN00520,2023-10-06 12:03:00,49.71,0
TXN00521,2023-10-26 13:38:00,69.9,0
TXN00522,2023-10-02 15:10:00,34.17,0
TXN00523,2023-10-21 15:01:00,119.7,0
TXN00524,2023-10-03 01:51:00,7.7,0
TXN00525,2023-10-26 18:26:00,125.67,0
TXN00526,2023-10-07 15:23:00,36.71,0
TXN00527,2023-10-17 11:02:00,65.57,0
TXN00528,2023-10-01 11:42:00,38.91,0
TXN00529,2023-10-03 15:53:00,8.22,0
TXN00530,2023-10-20 17:56:00,48.43,0
TXN00531,2023-10-29 13:46:00,14.42,0
TXN00532,2023-10-30 17:37:00,310.22,0
TXN00533,2023-10-02 15:06:00,57.57,0
TXN00534,2023-10-09 12:21:00,19.79,0
TXN00535,2023-10-10 17:43:00,20.88,0
TXN00536,2023-10-28 16:06:00,42.4,0
TXN00537,2023-10-31 16:08:00,63.23,0
TXN00538,2023-10-04 12:50:00,245.65,0
TXN00539,2023-10-18 07:43:00,139.71,0
TXN00540,2023-10-24 15:38:00,18.49,0
TXN00541,2023-10-24 08:26:00,109.09,0
TXN00542,2023-10-29 13:14:00,164.05,0
TXN00543,2023-10-31 12:01:00,273.48,0
TXN00544,2023-10-27 21:37:00,278.12,0
TXN00545,2023-10-27 15:11:00,189.07,0
TXN00546,2023-10-23 15:44:00,206.67,0
TXN00547,2023-10-12 14:01:00,51.52,0
TXN00548,2023-10-06 15:51:00,16.88,0
TXN00549,2023-10-26 17:25:00,30.01,0
TXN00550,2023-10-31 11:10:00,35.56,0
TXN00551,2023-10-08 17:37:00,27.81,0
TXN00552,2023-10-26 15:35:00,63.23,0
TXN00553,2023-10-06 18:31:00,318.11,0
TXN00554,2023-10-28 22:15:00,93.85,0
TXN00555,2023-10-07 14:08:00,32.83,0
TXN00556,2023-10-11 10:54:00,63.23,0
TXN00557,2023-10-11 15:55:00,62.6,0
TXN00558,2023-10-31 12:49:00,204.94,0
TXN00559,2023-10-06 17:46:00,30.15,0
TXN00560,2023-10-24 11:23:00,19.92,0
TXN00561,2023-10-17 12:28:00,86.28,0
TXN00562,2023-10-31 10:46:00,30.77,0
TXN00563,2023-10-17 17:41:00,94.37,0
TXN00564,2023-10-02 13:54:00,146.74,0
TXN00565,2023-10-19 17:14:00,618.51,0
TXN00566,2023-10-19 21:48:00,6.04,0
TXN00567,2023-10-24 15:04:00,130.97,0
TXN00568,2023-10-26 12:43:00,9.05,0
TXN00569,2023-10-23 19:32:00,42.72,0
TXN00570,2023-10-06 04:12:00,3032.55,1
TXN00571,2023-10-23 14:46:00,15.83,0
TXN00572,2023-10-16 14:04:00,16.75,0
TXN00573,2023-10-19 16:16:00,16.84,0
TXN00574,2023-10-28 11:03:00,44.35,0
TXN00575,2023-10-03 20:22:00,31.92,0
TXN00576,2023-10-27 14:50:00,26.89,0
TXN00577,2023-10-27 17:34:00,31.14,0
TXN00578,2023-10-13 02:47:00,2200.99,1
TXN00579,2023-10-31 19:25:00,25.83,0
TXN00580,2023-10-02 11:13:00,54.35,0
TXN00581,2023-10-13 14:40:00,152.0,0
TXN00582,2023-10-14 11:19:00,23.46,0
TXN00583,2023-10-13 09:54:00,38.63,0
TXN00584,2023-10-26 14:16:00,31.77,0
TXN00585,2023-10-26 09:45:00,35.02,0
TXN00586,2023-10-28 19:06:00,48.96,0
TXN00587,2023-10-11 10:55:00,15.02,0
TXN00588,2023-10-20 18:02:00,28.62,0
TXN00589,2023-10-05 08:15:00,30.97,0
TXN00590,2023-10-31 04:13:00,61.6,0
TXN00591,2023-10-24 13:35:00,40.47,0
TXN00592,2023-10-16 21:42:00,54.95,0
TXN00593,2023-10-22 09:17:00,1799.69,0
TXN00594,2023-10-09 19:10:00,3870.6,0
TXN00595,2023-10-18 17:52:00,80.35,0
TXN00596,2023-10-12 12:09:00,2398.58,0
TXN00597,2023-10-03 08:36:00,26.09,0
TXN00598,2023-10-17 12:01:00,12.88,0
TXN00599,2023-10-31 20:54:00,23.75,0
TXN00600,2023-10-02 14:46:00,90.2,0
TXN00601,2023-10-02 10:35:00,54.37,0
TXN00602,2023-10-31 07:19:00,16.28,0
TXN00603,2023-10-27 04:21:00,34.85,0
TXN00604,2023-10-04 11:03:00,101.64,0
TXN00605,2023-10-01 12:30:00,17.4,0
TXN00606,2023-10-22 08:17:00,22.25,0
TXN00607,2023-10-03 16:08:00,8.71,0
TXN00608,2023-10-14 15:42:00,10.1,0
TXN00609,2023-10-17 12:40:00,12.41,0
TXN00610,2023-10-08 14:09:00,50.48,0
TXN00611,2023-10-02 19:32:00,253.27,0
TXN00612,2023-10-14 13:47:00,17.2,0
TXN00613,2023-10-30 16:28:00,12.93,0
TXN00614,2023-10-14 12:53:00,110.38,0
TXN00615,2023-10-23 18:06:00,25.88,0
TXN00616,2023-10-23 08:04:00,47.04,0
TXN00617,2023-10-12 09:48:00,55.5,0
TXN00618,2023-10-11 15:07:00,29.07,0
TXN00619,2023-10-03 14:37:00,908.2,0
TXN00620,2023-10-16 10:01:00,27.71,0
TXN00621,2023-10-25 11:21:00,10.74,0
TXN00622,2023-10-12 11:27:00,20.07,0
TXN00623,2023-10-22 08:29:00,160.59,0
TXN00624,2023-10-06 17:35:00,139.13,0
TXN00625,2023-10-03 17:54:00,43.63,0
TXN00626,2023-10-19 16:14:00,32.03,0
TXN00627,2023-10-01 08:50:00,53.46,0
TXN00628,2023-10-19 14:06:00,5.38,0
TXN00629,2023-10-10 22:00:00,31.6,0
TXN00630,2023-10-28 16:47:00,78.41,0
TXN00631,2023-10-01 17:24:00,135.93,0
TXN00632,2023-10-12 19:46:00,68.47,0
TXN00633,2023-10-28 16:42:00,42.09,0
TXN00634,2023-10-05 10:20:00,37.88,0
TXN00635,2023-10-01 18:13:00,67.68,0
TXN00636,2023-10-05 21:41:00,98.92,0
TXN00637,2023-10-28 08:30:00,55.33,0
TXN00638,2023-10-08 13:16:00,31.64,0
TXN00639,2023-10-13 20:00:00,15.28,0
TXN00640,2023-10-15 19:17:00,38.87,0
TXN00641,2023-10-26 12:08:00,34.94,0
TXN00642,2023-10-03 10:04:00,48.35,0
TXN00643,2023-10-07 10:21:00,115.49,0
TXN00644,2023-10-14 17:35:00,137.43,0
TXN00645,2023-10-10 13:01:00,35.66,0
TXN00646,2023-10-24 19:28:00,28.02,0
TXN00647,2023-10-17 08:14:00,56.01,0
TXN00648,2023-10-26 16:44:00,23.37,0
TXN00649,2023-10-13 14:17:00,107.92,0
TXN00650,2023-10-30 17:26:00,7.73,0
TXN00651,2023-10-13 12:16:00,62.11,0
TXN00652,2023-10-31 11:58:00,18.63,0
TXN00653,2023-10-23 23:30:00,50.35,0
TXN00654,2023-10-25 22:25:00,52.01,0
TXN00655,2023-10-02 15:36:00,26.99,0
TXN00656,2023-10-05 17:04:00,52.19,0
TXN00657,2023-10-27 21:58:00,120.44,0
TXN00658,2023-10-09 17:35:00,3854.7,0
TXN00659,2023-10-31 18:24:00,83.11,0
TXN00660,2023-10-21 16:03:00,159.33,0
TXN00661,2023-10-08 13:00:00,21.94,0
TXN00662,2023-10-29 17:56:00,10.07,0
TXN00663,2023-10-18 21:17:00,16.91,0
TXN00664,2023-10-14 11:10:00,23.68,0
TXN00665,2023-10-05 12:09:00,27.87,0
TXN00666,2023-10-14 15:26:00,16.19,0
TXN00667,2023-10-16 12:20:00,169.83,0
TXN00668,2023-10-26 14:34:00,61.56,0
TXN00669,2023-10-14 17:17:00,53.91,0
TXN00670,2023-10-20 13:00:00,133.77,0
TXN00671,2023-10-11 14:28:00,200.57,0
TXN00672,2023-10-16 00:55:00,4596.26,1
TXN00673,2023-10-30 05:31:00,18.14,0
TXN00674,2023-10-18 17:24:00,73.99,0
TXN00675,2023-10-10 17:27:00,86.27,0
TXN00676,2023-10-05 15:55:00,106.91,0
TXN00677,2023-10-09 16:42:00,49.93,0
TXN00678,2023-10-25 12:37:00,120.24,0
TXN00679,2023-10-07 21:44:00,57.64,0
TXN00680,2023-10-26 09:07:00,3044.72,0
TXN00681,2023-10-05 16:44:00,4303.69,0
TXN00682,2023-10-28 16:22:00,223.49,0
TXN00683,2023-10-27 11:11:00,43.49,0
TXN00684,2023-10-03 14:21:00,120.57,0
TXN00685,2023-10-02 17:05:00,39.02,0
TXN00686,2023-10-16 20:24:00,44.16,0
TXN00687,2023-10-07 16:09:00,105.71,0
TXN00688,2023-10-23 09:35:00,100.27,0
TXN00689,2023-10-22 12:41:00,44.31,0
TXN00690,2023-10-26 11:49:00,14.53,0
TXN00691,2023-10-25 15:40:00,65.2,0
TXN00692,2023-10-09 09:32:00,13.6,0
TXN00693,2023-10-25 16:43:00,750.95,0
TXN00694,2023-10-05 15:45:00,168.8,0
TXN00695,2023-10-19 16:40:00,57.28,0
TXN00696,2023-10-11 15:01:00,104.88,0
TXN00697,2023-10-02 14:23:00,91.75,0
TXN00698,2023-10-29 15:21:00,41.3,0
TXN00699,2023-10-07 05:08:00,26.46,0
TXN00700,2023-10-02 15:18:00,39.22,0
TXN00701,2023-10-06 19:59:00,5,0
TXN00702,2023-10-04 17:09:00,73.17,0
TXN00703,2023-10-18 18:07:00,383.56,0
TXN00704,2023-10-22 18:14:00,326.8,0
TXN00705,2023-10-11 17:16:00,126.63,0
TXN00706,2023-10-30 18:17:00,35.31,0
TXN00707,2023-10-13 18:59:00,246.24,0
TXN00708,2023-10-12 13:41:00,60.37,0
TXN00709,2023-10-31 07:00:00,326.69,0
TXN00710,2023-10-30 19:05:00,52.36,0
TXN00711,2023-10-11 13:45:00,55.8,0
TXN00712,2023-10-06 12:58:00,121.2,0
TXN00713,2023-10-11 08:27:00,28.72,0
TXN00714,2023-10-14 14:01:00,27.54,0
TXN00715,2023-10-06 20:20:00,24.44,0
TXN00716,2023-10-30 08:37:00,6.22,0
TXN00717,2023-10-04 20:22:00,40.09,0
TXN00718,2023-10-29 14:01:00,85.89,0
TXN00719,2023-10-25 12:31:00,41.09,0
TXN00720,2023-10-09 18:14:00,102.78,0
TXN00721,2023-10-31 18:25:00,20.7,0
TXN00722,2023-10-15 13:24:00,59.0,0
TXN00723,2023-10-20 14:30:00,63.53,0
TXN00724,2023-10-18 19:20:00,11.06,0
TXN00725,2023-10-18 15:26:00,12.48,0
TXN00726,2023-10-17 10:51:00,89.33,0
TXN00727,2023-10-03 14:09:00,49.08,0
TXN00728,2023-10-15 15:36:00,129.78,0
TXN00729,2023-10-12 23:36:00,18.34,0
TXN00730,2023-10-19 09:38:00,16.91,0
TXN00731,2023-10-12 13:16:00,15.22,0
TXN00732,2023-10-01 16:40:00,24.96,0
TXN00733,2023-10-09 14:58:00,323.76,0
TXN00734,2023-10-20 10:18:00,25.98,0
TXN00735,2023-10-13 12:29:00,81.29,0
TXN00736,2023-10-30 15:22:00,27.95,0
TXN00737,2023-10-24 14:11:00,142.32,0
TXN00738,2023-10-31 10:05:00,78.12,0
TXN00739,2023-10-18 16:47:00,538.3,0
TXN00740,2023-10-26 21:32:00,137.15,0
TXN00741,2023-10-19 10:27:00,47.59,0
TXN00742,2023-10-04 22:30:00,71.79,0
TXN00743,2023-10-27 17:45:00,8.41,0
TXN00744,2023-10-17 16:29:00,28.99,0
TXN00745,2023-10-31 18:20:00,103.69,0
TXN00746,2023-10-02 12:37:00,27.66,0
TXN00747,2023-10-06 10:05:00,27.18,0
TXN00748,2023-10-22 17:57:00,62.76,0
TXN00749,2023-10-03 07:25:00,173.69,0
TXN00750,2023-10-14 15:53:00,16.25,0
TXN00751,2023-10-10 13:45:00,33.26,0
TXN00752,2023-10-03 17:40:00,77.55,0
TXN00753,2023-10-28 10:53:00,30.91,0
TXN00754,2023-10-20 14:14:00,150.3,0
TXN00755,2023-10-20 18:30:00,15.81,0
TXN00756,2023-10-19 14:34:00,146.87,0
TXN00757,2023-10-01 17:57:00,15.23,0
TXN00758,2023-10-10 11:45:00,114.03,0
TXN00759,2023-10-12 13:52:00,51.67,0
TXN00760,2023-10-11 18:23:00,131.94,0
TXN00761,2023-10-27 13:03:00,48.72,0
TXN00762,2023-10-23 11:09:00,212.28,0
TXN00763,2023-10-17 10:31:00,149.67,0
TXN00764,2023-10-19 17:23:00,87.73,0
TXN00765,2023-10-18 10:03:00,179.04,0
TXN00766,2023-10-24 11:52:00,14.67,0
TXN00767,2023-10-11 10:43:00,172.35,0
TXN00768,2023-10-24 17:26:00,6.18,0
TXN00769,2023-10-21 13:45:00,36.06,0
TXN00770,2023-10-15 16:11:00,50.96,0
TXN00771,2023-10-26 18:36:00,28.77,0
TXN00772,2023-10-02 11:03:00,14.05,0
TXN00773,2023-10-17 23:41:00,47.76,0
TXN00774,2023-10-13 12:10:00,63.35,0
TXN00775,2023-10-07 17:41:00,100.71,0
TXN00776,2023-10-21 07:18:00,36.94,0
TXN00777,2023-10-11 11:19:00,106.9,0
TXN00778,2023-10-13 12:49:00,41.35,0
TXN00779,2023-10-12 13:37:00,19.09,0
TXN00780,2023-10-04 09:59:00,76.09,0
TXN00781,2023-10-09 20:06:00,32.66,0
TXN00782,2023-10-18 10:05:00,21.71,0
TXN00783,2023-10-21 16:09:00,68.6,0
TXN00784,2023-10-26 09:44:00,2778.06,0
TXN00785,2023-10-11 10:35:00,46.95,0
TXN00786,2023-10-25 23:06:00,27.71,0
TXN00787,2023-10-24 23:36:00,64.46,0
TXN00788,2023-10-19 19:12:00,317.16,0
TXN00789,2023-10-10 11:12:00,99.59,0
TXN00790,2023-10-12 09:04:00,34.52,0
TXN00791,2023-10-02 16:48:00,15.07,0
TXN00792,2023-10-30 18:35:00,467.63,0
TXN00793,2023-10-08 17:53:00,51.49,0
TXN00794,2023-10-09 14:12:00,79.01,0
TXN00795,2023-10-20 08:25:00,26.89,0
TXN00796,2023-10-18 13:11:00,71.42,0
TXN00797,2023-10-04 16:34:00,104.58,0
TXN00798,2023-10-29 19:17:00,5,0
TXN00799,2023-10-27 13:24:00,39.85,0
TXN00800,2023-10-09 09:18:00,12.07,0
TXN00801,2023-10-26 12:00:00,194.11,0
TXN00802,2023-10-25 05:41:00,60.27,0
TXN00803,2023-10-05 12:01:00,62.66,0
TXN00804,2023-10-25 17:26:00,64.12,0
TXN00805,2023-10-19 18:50:00,105.33,0
TXN00806,2023-10-22 18:05:00,63.38,0
TXN00807,2023-10-29 17:01:00,121.14,0
TXN00808,2023-10-31 19:23:00,95.75,0
TXN00809,2023-10-28 17:22:00,114.56,0
TXN00810,2023-10-02 13:59:00,193.95,0
TXN00811,2023-10-27 17:49:00,25.14,0
TXN00812,2023-10-22 13:46:00,95.87,0
TXN00813,2023-10-13 17:08:00,88.87,0
TXN00814,2023-10-10 13:17:00,14.18,0
TXN00815,2023-10-09 14:57:00,25.51,0
TXN00816,2023-10-01 13:07:00,205.53,0
TXN00817,2023-10-18 12:11:00,79.56,0
TXN00818,2023-10-08 15:26:00,36.04,0
TXN00819,2023-10-18 12:06:00,27.01,0
TXN00820,2023-10-19 11:12:00,36.0,0
TXN00821,2023-10-29 16:24:00,84.08,0
TXN00822,2023-10-25 11:53:00,26.61,0
TXN00823,2023-10-14 17:41:00,266.11,0
TXN00824,2023-10-05 21:48:00,32.9,0
TXN00825,2023-10-26 15:35:00,5,0
TXN00826,2023-10-03 17:23:00,42.0,0
TXN00827,2023-10-14 16:06:00,44.83,0
TXN00828,2023-10-06 15:19:00,294.65,0
TXN00829,2023-10-01 13:21:00,3525.28,0
TXN00830,2023-10-15 14:08:00,32.06,0
TXN00831,2023-10-29 14:38:00,15.15,0
TXN00832,2023-10-26 15:38:00,88.57,0
TXN00833,2023-10-08 16:43:00,29.1,0
TXN00834,2023-10-22 17:09:00,327.82,0
TXN00835,2023-10-13 17:05:00,120.9,0
TXN00836,2023-10-25 13:36:00,193.49,0
TXN00837,2023-10-27 15:04:00,66.06,0
TXN00838,2023-10-04 10:44:00,130.58,0
TXN00839,2023-10-09 14:26:00,94.08,0
TXN00840,2023-10-02 16:27:00,148.41,0
TXN00841,2023-10-17 12:14:00,171.58,0
TXN00842,2023-10-05 17:08:00,238.69,0
TXN00843,2023-10-25 12:17:00,31.92,0
TXN00844,2023-10-25 19:37:00,147.86,0
TXN00845,2023-10-22 17:40:00,45.78,0
TXN00846,2023-10-15 13:18:00,8.45,0
TXN00847,2023-10-05 08:23:00,66.46,0
TXN00848,2023-10-10 16:14:00,11.78,0
TXN00849,2023-10-21 11:03:00,260.35,0
TXN00850,2023-10-19 15:28:00,47.38,0
TXN00851,2023-10-07 14:29:00,92.58,0
TXN00852,2023-10-20 12:21:00,144.71,0
TXN00853,2023-10-06 13:01:00,14.09,0
TXN00854,2023-10-05 10:20:00,67.67,0
TXN00855,2023-10-09 07:18:00,102.98,0
TXN00856,2023-10-04 14:57:00,120.95,0
TXN00857,2023-10-08 13:31:00,290.88,0
TXN00858,2023-10-26 20:55:00,49.5,0
TXN00859,2023-10-05 14:50:00,140.41,0
TXN00860,2023-10-24 09:25:00,25.64,0
TXN00861,2023-10-24 15:04:00,6.73,0
TXN00862,2023-10-17 16:21:00,46.64,0
TXN00863,2023-10-11 11:23:00,385.16,0
TXN00864,2023-10-10 19:22:00,18.54,0
TXN00865,2023-10-30 16:03:00,341.54,0
TXN00866,2023-10-08 20:34:00,404.52,0
TXN00867,2023-10-21 13:31:00,140.07,0
TXN00868,2023-10-10 19:42:00,47.11,0
TXN00869,2023-10-22 09:27:00,89.05,0
TXN00870,2023-10-21 16:03:00,32.57,0
TXN00871,2023-10-18 17:01:00,103.8,0
TXN00872,2023-10-09 14:37:00,22.24,0
TXN00873,2023-10-19 17:42:00,593.53,0
TXN00874,2023-10-13 20:37:00,4507.17,0
TXN00875,2023-10-15 15:23:00,75.58,0
TXN00876,2023-10-13 17:27:00,46.4,0
TXN00877,2023-10-08 02:32:00,3425.97,1
TXN00878,2023-10-07 11:52:00,23.99,0
TXN00879,2023-10-14 18:52:00,21.47,0
TXN00880,2023-10-30 14:21:00,22.86,0
TXN00881,2023-10-08 17:57:00,18.04,0
TXN00882,2023-10-07 15:07:00,9.65,0
TXN00883,2023-10-29 13:51:00,118.95,0
TXN00884,2023-10-18 04:59:00,4860.52,1
TXN00885,2023-10-14 18:44:00,21.3,0
TXN00886,2023-10-28 14:52:00,18.38,0
TXN00887,2023-10-14 22:38:00,20.54,0
TXN00888,2023-10-15 22:50:00,22.35,0
TXN00889,2023-10-05 17:47:00,132.08,0
TXN00890,2023-10-11 15:22:00,9.41,0
TXN00891,2023-10-07 15:32:00,49.02,0
TXN00892,2023-10-09 07:35:00,28.9,0
TXN00893,2023-10-05 16:03:00,53.51,0
TXN00894,2023-10-28 16:48:00,47.29,0
TXN00895,2023-10-25 14:30:00,102.93,0
TXN00896,2023-10-14 23:31:00,15.04,0
TXN00897,2023-10-15 19:00:00,448.25,0
TXN00898,2023-10-05 10:10:00,224.76,0
TXN00899,2023-10-27 11:18:00,5409.39,0
TXN00900,2023-10-03 14:45:00,128.68,0
TXN00901,2023-10-08 13:06:00,31.17,0
TXN00902,2023-10-05 13:10:00,90.27,0
TXN00903,2023-10-29 12:15:00,181.0,0
TXN00904,2023-10-09 18:28:00,36.44,0
TXN00905,2023-10-06 12:11:00,91.25,0
TXN00906,2023-10-08 07:56:00,109.07,0
TXN00907,2023-10-04 17:57:00,78.21,0
TXN00908,2023-10-02 12:43:00,54.89,0
TXN00909,2023-10-31 16:13:00,51.87,0
TXN00910,2023-10-09 16:53:00,34.4,0
TXN00911,2023-10-05 13:28:00,200.59,0
TXN00912,2023-10-22 19:23:00,5334.37,0
TXN00913,2023-10-25 18:10:00,126.8,0
TXN00914,2023-10-25 14:59:00,338.35,0
TXN00915,2023-10-12 15:52:00,40.48,0
TXN00916,2023-10-30 14:35:00,68.81,0
TXN00917,2023-10-23 15:14:00,147.71,0
TXN00918,2023-10-08 09:02:00,1095.02,0
TXN00919,2023-10-11 13:24:00,8.69,0
TXN00920,2023-10-19 18:02:00,37.65,0
TXN00921,2023-10-16 08:15:00,23.03,0
TXN00922,2023-10-18 12:33:00,1513.72,0
TXN00923,2023-10-21 16:15:00,32.44,0
TXN00924,2023-10-06 10:49:00,207.43,0
TXN00925,2023-10-11 08:22:00,116.13,0
TXN00926,2023-10-30 00:33:00,966.96,1
TXN00927,2023-10-01 13:24:00,165.37,0
TXN00928,2023-10-03 12:38:00,54.69,0
TXN00929,2023-10-27 12:24:00,154.72,0
TXN00930,2023-10-25 15:58:00,189.13,0
TXN00931,2023-10-29 21:26:00,21.54,0
TXN00932,2023-10-25 15:42:00,9.49,0
TXN00933,2023-10-01 13:31:00,74.05,0
TXN00934,2023-10-17 17:56:00,237.57,0
TXN00935,2023-10-16 18:40:00,54.06,0
TXN00936,2023-10-24 18:46:00,111.29,0
TXN00937,2023-10-21 15:32:00,165.85,0
TXN00938,2023-10-22 15:33:00,85.11,0
TXN00939,2023-10-10 17:35:00,320.31,0
TXN00940,2023-10-04 10:05:00,34.9,0
TXN00941,2023-10-16 13:08:00,62.9,0
TXN00942,2023-10-13 18:17:00,50.54,0
TXN00943,2023-10-22 13:46:00,30.02,0
TXN00944,2023-10-11 19:46:00,29.55,0
TXN00945,2023-10-01 20:33:00,59.97,0
TXN00946,2023-10-30 10:28:00,117.13,0
TXN00947,2023-10-21 17:36:00,66.59,0
TXN00948,2023-10-27 18:48:00,31.25,0
TXN00949,2023-10-30 16:48:00,8.69,0
TXN00950,2023-10-21 20:42:00,251.92,0
TXN00951,2023-10-12 14:52:00,12.32,0
TXN00952,2023-10-03 09:28:00,30.11,0
TXN00953,2023-10-28 15:49:00,18.48,0
TXN00954,2023-10-06 09:11:00,58.28,0
TXN00955,2023-10-05 16:50:00,17.17,0
TXN00956,2023-10-20 16:38:00,14.57,0
TXN00957,2023-10-16 12:09:00,11.37,0
TXN00958,2023-10-17 12:50:00,54.09,0
TXN00959,2023-10-06 06:01:00,54.97,0
TXN00960,2023-10-18 14:04:00,21.22,0
TXN00961,2023-10-23 09:14:00,124.63,0
TXN00962,2023-10-22 14:55:00,32.52,0
TXN00963,2023-10-19 09:18:00,48.28,0
TXN00964,2023-10-12 09:08:00,115.23,0
TXN00965,2023-10-03 17:17:00,324.5,0
TXN00966,2023-10-02 15:10:00,37.53,0
TXN00967,2023-10-23 11:35:00,29.26,0
TXN00968,2023-10-22 11:31:00,107.3,0
TXN00969,2023-10-28 07:10:00,106.25,0
TXN00970,2023-10-16 12:11:00,7.18,0
TXN00971,2023-10-11 13:16:00,63.92,0
TXN00972,2023-10-05 16:05:00,188.79,0
TXN00973,2023-10-23 17:58:00,226.4,0
TXN00974,2023-10-16 10:13:00,130.62,0
TXN00975,2023-10-09 10:44:00,76.85,0
TXN00976,2023-10-22 14:20:00,140.4,0
TXN00977,2023-10-28 06:34:00,511.99,0
TXN00978,2023-10-18 13:19:00,40.06,0
TXN00979,2023-10-09 22:36:00,50.53,0
TXN00980,2023-10-17 14:17:00,46.95,0
TXN00981,2023-10-01 15:44:00,57.98,0
TXN00982,2023-10-13 14:43:00,21.22,0
TXN00983,2023-10-25 12:34:00,86.82,0
TXN00984,2023-10-02 08:35:00,278.62,0
TXN00985,2023-10-09 13:42:00,181.93,0
TXN00986,2023-10-31 14:43:00,174.0,0
TXN00987,2023-10-27 07:00:00,102.94,0
TXN00988,2023-10-04 12:25:00,24.82,0
TXN00989,2023-10-17 11:28:00,60.25,0
TXN00990,2023-10-11 11:26:00,424.77,0
TXN00991,2023-10-25 14:52:00,41.39,0
TXN00992,2023-10-01 15:16:00,446.73,0
TXN00993,2023-10-11 14:22:00,3067.39,0
TXN00994,2023-10-05 16:00:00,80.76,0
TXN00995,2023-10-05 19:30:00,93.71,0
TXN00996,2023-10-13 21:42:00,169.82,0
TXN00997,2023-10-26 16:35:00,58.38,0
TXN00998,2023-10-25 06:45:00,103.68,0
TXN00999,2023-10-23 15:23:00,14.93,0
TXN01000,2023-10-29 21:35:00,60.46,0
