CustomerID,Gender,Age,Annual Income (k$),Spending Score (1-100),churn,first_service_date,last_service_date
1,Male,19,15,39,Yes,2015,2018
2,Male,21,15,81,Yes,2016,2018
3,Female,20,16,6,Yes,2020,2025
4,Female,23,16,77,Yes,2019,2023
5,Female,31,17,40,Yes,2015,2016
6,Female,22,17,76,Yes,2016,2021
7,Female,35,18,6,Yes,2019,2021
8,Female,23,18,94,No,2016,2020
9,Male,64,19,3,No,2015,2017
10,Female,30,19,72,No,2017,2020
11,Male,67,19,14,Yes,2016,2019
12,Female,35,19,99,Yes,2015,2019
13,Female,58,20,15,Yes,2017,2020
14,Female,24,20,77,No,2015,2019
15,Male,37,20,13,Yes,2018,2019
16,Male,22,20,79,No,2020,2025
17,Female,35,21,35,No,2019,2021
18,Male,20,21,66,Yes,2015,2017
19,Male,52,23,29,No,2015,2017
20,Female,35,23,98,Yes,2018,2021
21,Male,35,24,35,No,2020,2023
22,Male,25,24,73,Yes,2017,2020
23,Female,46,25,5,Yes,2020,2023
24,Male,31,25,73,Yes,2019,2021
25,Female,54,28,14,Yes,2016,2020
26,Male,29,28,82,No,2017,2022
27,Female,45,28,32,Yes,2020,2023
28,Male,35,28,61,Yes,2016,2017
29,Female,40,29,31,No,2018,2021
30,Female,23,29,87,Yes,2016,2021
